Comment,Board-qualified Designators,Footprint,Quantity per Keyboard,Manufacturer,Manufacturer Part Number,LCSC Part #,Assembly Method
0.5A,Controller:F1,F1_Fuse_0805_2012Metric,1,BHFUSE,BSMD0805-050-24V,C910822,JLCPCB SMT
100n,"Controller:C11,Controller:C5,Controller:C6,Controller:C7,Controller:C9,Left:CL10A,Left:CL11A,Left:CL12A,Left:CL13A,Left:CL14A,Left:CL15A,Left:CL16A,Left:CL17A,Left:CL18A,Left:CL19A,Left:CL1A,Left:CL20A,Left:CL21A,Left:CL22A,Left:CL23A,Left:CL24A,Left:CL25A,Left:CL26A,Left:CL27A,Left:CL2A,Left:CL30A,Left:CL32A,Left:CL33A,Left:CL3A,Left:CL4A,Left:CL5A,Left:CL6A,Left:CL7A,Left:CL8A,Left:CL9A,Left:CML1,Left:CML2,Left:CML3,Left:CML4,Right:CMR1,Right:CMR2,Right:CMR3,Right:CMR4,Right:CR10A,Right:CR11A,Right:CR12A,Right:CR13A,Right:CR14A,Right:CR15A,Right:CR16A,Right:CR17A,Right:CR18A,Right:CR19A,Right:CR1A,Right:CR20A,Right:CR21A,Right:CR22A,Right:CR23A,Right:CR25A,Right:CR27A,Right:CR28A,Right:CR29A,Right:CR2A,Right:CR30A,Right:CR33A,Right:CR35A,Right:CR36A,Right:CR4A,Right:CR6A,Right:CR7A,Right:CR8A,Right:CR9A",C1_C_0402_1005Metric,72,Samsung,CL05B104KO5NNNC,C1525,JLCPCB SMT
10u,"Controller:C1,Controller:C8",C148_C_0603_1608Metric,2,CCTC,TCC0603X5R106M6R3CT,C380318,JLCPCB SMT
12MHz,Controller:Y1,Y1_Crystal_SMD_3225-4Pin_3.2x2.5mm,1,Yangxing,X322512MSB4SI,C9002,JLCPCB SMT
12k,"Controller:R1,Controller:R4",R3_R_0402_1005Metric,2,UNI-ROYAL,0402WGF1202TCE,C25752,JLCPCB SMT
1u,"Controller:C10,Controller:C2",C148_C_0603_1608Metric,2,Murata,GRM188R71A105KA61D,C97888,JLCPCB SMT
2.2u,"Controller:C12,Controller:C13,Controller:C14,Controller:C15",C148_C_0603_1608Metric,4,Samsung,CL10B225KP8NFNC,C3905270,JLCPCB SMT
30p,"Controller:C3,Controller:C4",C1_C_0402_1005Metric,2,CCTC,TCC0402C0G300J500AT,C466228,JLCPCB SMT
4.7n,"Left:CL10B,Left:CL11B,Left:CL12B,Left:CL13B,Left:CL14B,Left:CL15B,Left:CL16B,Left:CL17B,Left:CL18B,Left:CL19B,Left:CL1B,Left:CL20B,Left:CL21B,Left:CL22B,Left:CL23B,Left:CL24B,Left:CL25B,Left:CL26B,Left:CL27B,Left:CL2B,Left:CL30B,Left:CL32B,Left:CL33B,Left:CL3B,Left:CL4B,Left:CL5B,Left:CL6B,Left:CL7B,Left:CL8B,Left:CL9B,Right:CR10B,Right:CR11B,Right:CR12B,Right:CR13B,Right:CR14B,Right:CR15B,Right:CR16B,Right:CR17B,Right:CR18B,Right:CR19B,Right:CR1B,Right:CR20B,Right:CR21B,Right:CR22B,Right:CR23B,Right:CR25B,Right:CR27B,Right:CR28B,Right:CR29B,Right:CR2B,Right:CR30B,Right:CR33B,Right:CR35B,Right:CR36B,Right:CR4B,Right:CR6B,Right:CR7B,Right:CR8B,Right:CR9B",C1_C_0402_1005Metric,59,Murata,GRM1555C1H472JE01D,C1518204,JLCPCB SMT
5.1k,"Controller:R2,Controller:R3",R3_R_0402_1005Metric,2,UNI-ROYAL,0402WGF5101TCE,C25905,JLCPCB SMT
854-22-012-30-004101,"Left-SpringModule:PS1,Right-SpringModule:PS1",MillMax_854-22-012-30-004101,2,Mill-Max,854-22-012-30-004101,,Hand/consigned after reflow
856-10-012-30-051000,"Left:PTL1,Right:PTR1",MillMax_856-10-012-30-051000,2,Mill-Max,856-10-012-30-051000,,Hand/consigned after reflow
AT32F405RCT7,Controller:U1,U4_LQFP-64_10x10mm_P0.5mm,1,Artery,AT32F405RCT7,C47090415,JLCPCB SMT
FFC_12P,"Controller:J2,Controller:J3",FFC_12P_1.00mm_TopContact,2,BOOMELE,1.0-12P,C20111,JLCPCB SMT
FFC_12P_1.00mm,"Left-SpringModule:JF1,Right-SpringModule:JF1",FFC_12P_1.00mm_TopContact,2,BOOMELE,1.0-12P,C20111,JLCPCB SMT
MT9102ET,"Left:HEL1,Left:HEL10,Left:HEL11,Left:HEL12,Left:HEL13,Left:HEL14,Left:HEL16,Left:HEL17,Left:HEL18,Left:HEL19,Left:HEL2,Left:HEL20,Left:HEL22,Left:HEL23,Left:HEL24,Left:HEL25,Left:HEL26,Left:HEL3,Left:HEL4,Left:HEL5,Left:HEL6,Left:HEL7,Left:HEL9,Right:HER1,Right:HER10,Right:HER12,Right:HER13,Right:HER14,Right:HER15,Right:HER16,Right:HER17,Right:HER19,Right:HER2,Right:HER20,Right:HER21,Right:HER22,Right:HER23,Right:HER27,Right:HER28,Right:HER29,Right:HER6,Right:HER7,Right:HER8,Right:HER9",HE_KEY_1.00u,44,NOVOSENSE,MT9102ET,C5447698,JLCPCB SMT
MT9102ET,"Left:HEL30,Left:HEL32,Left:HEL8,Right:HER11,Right:HER33,Right:HER35",HE_KEY_1.50u,6,NOVOSENSE,MT9102ET,C5447698,JLCPCB SMT
MT9102ET,Right:HER18,HE_KEY_1.75u,1,NOVOSENSE,MT9102ET,C5447698,JLCPCB SMT
MT9102ET,Right:HER4,HE_KEY_2.00u,1,NOVOSENSE,MT9102ET,C5447698,JLCPCB SMT
MT9102ET,"Left:HEL21,Left:HEL33,Right:HER25,Right:HER36",HE_KEY_2.25u,4,NOVOSENSE,MT9102ET,C5447698,JLCPCB SMT
MT9102ET,"Left:HEL15,Left:HEL27,Right:HER30",HE_SHARED_MIDPOINT,3,NOVOSENSE,MT9102ET,C5447698,JLCPCB SMT
SN74LV4051A,"Left:AML1,Left:AML2,Left:AML3,Left:AML4,Right:AMR1,Right:AMR2,Right:AMR3,Right:AMR4",AM1_SOIC-16_3.9x9.9mm_P1.27mm,8,Texas Instruments,SN74LV4051AD,C7792,JLCPCB SMT
TLV75733PDBV,Controller:U3,U2_SOT-23-5,1,Texas Instruments,TLV75733PDBVR,C485517,JLCPCB SMT
TS-1187A,"Controller:SW1,Controller:SW2",SW1_SW_Push_1P1T_XKB_TS-1187A,2,XKB,TS-1187A-B-A-B,C318884,JLCPCB SMT
TYPE-C-31-M-12,Controller:J1,USB_C_Receptacle_HRO_TYPE-C-31-M-12,1,HRO,TYPE-C-31-M-12,C165948,JLCPCB SMT
USBLC6-2SC6,Controller:U2,U1_SOT-23-6,1,STMicroelectronics,USBLC6-2SC6,C7519,JLCPCB SMT
XC6206P332MR,Controller:U4,U3_SOT-23-3,1,Torex,XC6206P332MR-G,C5446,JLCPCB SMT
