source,output,tracks_vias_removed,vias_removed,mux_footprints_converted,mux_footprints_already_tssop,mux_footprints_total,component_positions_matched_to_uploaded_WKL,zones_kept,position_offsets
Symm60HE-Daughterboard.kicad_pcb,pcb/unrouted/remaining/Symm60HE-Daughterboard-unrouted.kicad_pcb,790,74,0,0,0,0,2,{}
Symm60HE-Left.kicad_pcb,pcb/unrouted/remaining/Symm60HE-Left-unrouted.kicad_pcb,1855,236,5,0,5,130,2,"{'L': (0.0, 0.0)}"
Symm60HE-Panel-SideBySide.kicad_pcb,pcb/unrouted/remaining/Symm60HE-Panel-SideBySide-unrouted.kicad_pcb,4709,659,0,0,0,0,4,{}
Symm60HE-Panel.kicad_pcb,pcb/unrouted/remaining/Symm60HE-Panel-unrouted.kicad_pcb,4709,659,0,0,0,0,4,{}
Symm60HE-Right.kicad_pcb,pcb/unrouted/remaining/Symm60HE-Right-unrouted.kicad_pcb,2854,423,5,0,5,130,2,"{'R': (0.0, 0.0)}"
variants/4-layer/layouts/three-key-left-wkl-right/Symm60HE-three-key-left-wkl-right-Left-4L.kicad_pcb,pcb/unrouted/remaining/variants/4-layer/layouts/three-key-left-wkl-right/Symm60HE-three-key-left-wkl-right-Left-4L-unrouted.kicad_pcb,1840,220,5,0,5,124,4,"{'L': (0.0, 0.0)}"
variants/4-layer/layouts/three-key-left-wkl-right/Symm60HE-three-key-left-wkl-right-Right-4L.kicad_pcb,pcb/unrouted/remaining/variants/4-layer/layouts/three-key-left-wkl-right/Symm60HE-three-key-left-wkl-right-Right-4L-unrouted.kicad_pcb,2344,295,5,0,5,130,4,"{'R': (0.0, 0.0)}"
variants/4-layer/layouts/three-key-left-wkl-right-bs2/Symm60HE-three-key-left-wkl-right-bs2-Left-4L.kicad_pcb,pcb/unrouted/remaining/variants/4-layer/layouts/three-key-left-wkl-right-bs2/Symm60HE-three-key-left-wkl-right-bs2-Left-4L-unrouted.kicad_pcb,1840,220,5,0,5,124,4,"{'L': (0.0, 0.0)}"
variants/4-layer/layouts/three-key-left-wkl-right-bs2/Symm60HE-three-key-left-wkl-right-bs2-Right-4L.kicad_pcb,pcb/unrouted/remaining/variants/4-layer/layouts/three-key-left-wkl-right-bs2/Symm60HE-three-key-left-wkl-right-bs2-Right-4L-unrouted.kicad_pcb,2309,286,5,0,5,122,4,"{'R': (0.0, 0.0)}"
variants/4-layer/layouts/wkl/Symm60HE-wkl-Left-4L.kicad_pcb,pcb/unrouted/remaining/variants/4-layer/layouts/wkl/Symm60HE-wkl-Left-4L-unrouted.kicad_pcb,1731,215,5,0,5,130,4,"{'L': (0.0, 0.0)}"
variants/4-layer/layouts/wkl/Symm60HE-wkl-Right-4L.kicad_pcb,pcb/unrouted/remaining/variants/4-layer/layouts/wkl/Symm60HE-wkl-Right-4L-unrouted.kicad_pcb,2344,295,5,0,5,130,4,"{'R': (0.0, 0.0)}"
variants/4-layer/layouts/wkl-left-arrows-right/Symm60HE-wkl-left-arrows-right-Left-4L.kicad_pcb,pcb/unrouted/remaining/variants/4-layer/layouts/wkl-left-arrows-right/Symm60HE-wkl-left-arrows-right-Left-4L-unrouted.kicad_pcb,1731,215,5,0,5,130,4,"{'L': (0.0, 0.0)}"
variants/4-layer/layouts/wkl-left-arrows-right/Symm60HE-wkl-left-arrows-right-Right-4L.kicad_pcb,pcb/unrouted/remaining/variants/4-layer/layouts/wkl-left-arrows-right/Symm60HE-wkl-left-arrows-right-Right-4L-unrouted.kicad_pcb,2514,330,5,0,5,120,4,"{'R': (0.0, 0.0)}"
variants/4-layer/layouts/wkl-left-arrows-right-bs2/Symm60HE-wkl-left-arrows-right-bs2-Left-4L.kicad_pcb,pcb/unrouted/remaining/variants/4-layer/layouts/wkl-left-arrows-right-bs2/Symm60HE-wkl-left-arrows-right-bs2-Left-4L-unrouted.kicad_pcb,1731,215,5,0,5,130,4,"{'L': (0.0, 0.0)}"
variants/4-layer/layouts/wkl-left-arrows-right-bs2/Symm60HE-wkl-left-arrows-right-bs2-Right-4L.kicad_pcb,pcb/unrouted/remaining/variants/4-layer/layouts/wkl-left-arrows-right-bs2/Symm60HE-wkl-left-arrows-right-bs2-Right-4L-unrouted.kicad_pcb,2479,323,5,0,5,112,4,"{'R': (0.0, 0.0)}"
variants/4-layer/layouts/wklarrows/Symm60HE-wklarrows-Left-4L.kicad_pcb,pcb/unrouted/remaining/variants/4-layer/layouts/wklarrows/Symm60HE-wklarrows-Left-4L-unrouted.kicad_pcb,1840,220,5,0,5,124,4,"{'L': (0.0, 0.0)}"
variants/4-layer/layouts/wklarrows/Symm60HE-wklarrows-Right-4L.kicad_pcb,pcb/unrouted/remaining/variants/4-layer/layouts/wklarrows/Symm60HE-wklarrows-Right-4L-unrouted.kicad_pcb,2514,330,5,0,5,120,4,"{'R': (0.0, 0.0)}"
variants/4-layer/layouts/wklbs2/Symm60HE-wklbs2-Left-4L.kicad_pcb,pcb/unrouted/remaining/variants/4-layer/layouts/wklbs2/Symm60HE-wklbs2-Left-4L-unrouted.kicad_pcb,1731,215,5,0,5,130,4,"{'L': (0.0, 0.0)}"
variants/4-layer/layouts/wklbs2/Symm60HE-wklbs2-Right-4L.kicad_pcb,pcb/unrouted/remaining/variants/4-layer/layouts/wklbs2/Symm60HE-wklbs2-Right-4L-unrouted.kicad_pcb,2309,286,5,0,5,122,4,"{'R': (0.0, 0.0)}"
variants/4-layer/layouts/wklbs2arrows/Symm60HE-wklbs2arrows-Left-4L.kicad_pcb,pcb/unrouted/remaining/variants/4-layer/layouts/wklbs2arrows/Symm60HE-wklbs2arrows-Left-4L-unrouted.kicad_pcb,1840,220,5,0,5,124,4,"{'L': (0.0, 0.0)}"
variants/4-layer/layouts/wklbs2arrows/Symm60HE-wklbs2arrows-Right-4L.kicad_pcb,pcb/unrouted/remaining/variants/4-layer/layouts/wklbs2arrows/Symm60HE-wklbs2arrows-Right-4L-unrouted.kicad_pcb,2479,323,5,0,5,112,4,"{'R': (0.0, 0.0)}"
variants/4-layer/universal/Symm60HE-Left-4L.kicad_pcb,pcb/unrouted/remaining/variants/4-layer/universal/Symm60HE-Left-4L-unrouted.kicad_pcb,1801,218,5,0,5,130,4,"{'L': (0.0, 0.0)}"
variants/4-layer/universal/Symm60HE-Right-4L.kicad_pcb,pcb/unrouted/remaining/variants/4-layer/universal/Symm60HE-Right-4L-unrouted.kicad_pcb,2574,331,5,0,5,130,4,"{'R': (0.0, 0.0)}"
variants/layouts/three-key-left-wkl-right/Symm60HE-three-key-left-wkl-right-Left.kicad_pcb,pcb/unrouted/remaining/variants/layouts/three-key-left-wkl-right/Symm60HE-three-key-left-wkl-right-Left-unrouted.kicad_pcb,1840,220,5,0,5,124,2,"{'L': (0.0, 0.0)}"
variants/layouts/three-key-left-wkl-right/Symm60HE-three-key-left-wkl-right-Right.kicad_pcb,pcb/unrouted/remaining/variants/layouts/three-key-left-wkl-right/Symm60HE-three-key-left-wkl-right-Right-unrouted.kicad_pcb,1931,205,0,5,5,130,2,"{'R': (0.0, 0.0)}"
variants/layouts/three-key-left-wkl-right-bs2/Symm60HE-three-key-left-wkl-right-bs2-Left.kicad_pcb,pcb/unrouted/remaining/variants/layouts/three-key-left-wkl-right-bs2/Symm60HE-three-key-left-wkl-right-bs2-Left-unrouted.kicad_pcb,1840,220,5,0,5,124,2,"{'L': (0.0, 0.0)}"
variants/layouts/three-key-left-wkl-right-bs2/Symm60HE-three-key-left-wkl-right-bs2-Right.kicad_pcb,pcb/unrouted/remaining/variants/layouts/three-key-left-wkl-right-bs2/Symm60HE-three-key-left-wkl-right-bs2-Right-unrouted.kicad_pcb,2454,319,5,0,5,122,2,"{'R': (0.0, 0.0)}"
variants/layouts/wkl-left-arrows-right/Symm60HE-wkl-left-arrows-right-Left.kicad_pcb,pcb/unrouted/remaining/variants/layouts/wkl-left-arrows-right/Symm60HE-wkl-left-arrows-right-Left-unrouted.kicad_pcb,1793,243,5,0,5,130,2,"{'L': (0.0, 0.0)}"
variants/layouts/wkl-left-arrows-right/Symm60HE-wkl-left-arrows-right-Right.kicad_pcb,pcb/unrouted/remaining/variants/layouts/wkl-left-arrows-right/Symm60HE-wkl-left-arrows-right-Right-unrouted.kicad_pcb,2674,361,5,0,5,120,2,"{'R': (0.0, 0.0)}"
variants/layouts/wkl-left-arrows-right-bs2/Symm60HE-wkl-left-arrows-right-bs2-Left.kicad_pcb,pcb/unrouted/remaining/variants/layouts/wkl-left-arrows-right-bs2/Symm60HE-wkl-left-arrows-right-bs2-Left-unrouted.kicad_pcb,1793,243,5,0,5,130,2,"{'L': (0.0, 0.0)}"
variants/layouts/wkl-left-arrows-right-bs2/Symm60HE-wkl-left-arrows-right-bs2-Right.kicad_pcb,pcb/unrouted/remaining/variants/layouts/wkl-left-arrows-right-bs2/Symm60HE-wkl-left-arrows-right-bs2-Right-unrouted.kicad_pcb,2622,354,5,0,5,112,2,"{'R': (0.0, 0.0)}"
variants/layouts/wklarrows/Symm60HE-wklarrows-Left.kicad_pcb,pcb/unrouted/remaining/variants/layouts/wklarrows/Symm60HE-wklarrows-Left-unrouted.kicad_pcb,1840,220,5,0,5,124,2,"{'L': (0.0, 0.0)}"
variants/layouts/wklarrows/Symm60HE-wklarrows-Right.kicad_pcb,pcb/unrouted/remaining/variants/layouts/wklarrows/Symm60HE-wklarrows-Right-unrouted.kicad_pcb,2674,361,5,0,5,120,2,"{'R': (0.0, 0.0)}"
variants/layouts/wklbs2/Symm60HE-wklbs2-Left.kicad_pcb,pcb/unrouted/remaining/variants/layouts/wklbs2/Symm60HE-wklbs2-Left-unrouted.kicad_pcb,1793,243,5,0,5,130,2,"{'L': (0.0, 0.0)}"
variants/layouts/wklbs2/Symm60HE-wklbs2-Right.kicad_pcb,pcb/unrouted/remaining/variants/layouts/wklbs2/Symm60HE-wklbs2-Right-unrouted.kicad_pcb,2454,319,5,0,5,122,2,"{'R': (0.0, 0.0)}"
variants/layouts/wklbs2arrows/Symm60HE-wklbs2arrows-Left.kicad_pcb,pcb/unrouted/remaining/variants/layouts/wklbs2arrows/Symm60HE-wklbs2arrows-Left-unrouted.kicad_pcb,1840,220,5,0,5,124,2,"{'L': (0.0, 0.0)}"
variants/layouts/wklbs2arrows/Symm60HE-wklbs2arrows-Right.kicad_pcb,pcb/unrouted/remaining/variants/layouts/wklbs2arrows/Symm60HE-wklbs2arrows-Right-unrouted.kicad_pcb,2622,354,5,0,5,112,2,"{'R': (0.0, 0.0)}"
variants/pogo/coupon/Symm60HE-Pogo16-Spring-Coupon.kicad_pcb,pcb/unrouted/remaining/variants/pogo/coupon/Symm60HE-Pogo16-Spring-Coupon-unrouted.kicad_pcb,16,0,0,0,0,0,0,{}
variants/pogo/coupon/Symm60HE-Pogo16-Target-Coupon.kicad_pcb,pcb/unrouted/remaining/variants/pogo/coupon/Symm60HE-Pogo16-Target-Coupon-unrouted.kicad_pcb,16,0,0,0,0,0,0,{}
variants/pogo-neo/panels/Symm60HE-Neo-Centre-Family-Panel.kicad_pcb,pcb/unrouted/remaining/variants/pogo-neo/panels/Symm60HE-Neo-Centre-Family-Panel-unrouted.kicad_pcb,566,79,0,0,0,0,2,{}
variants/pogo-neo/panels/Symm60HE-Neo-Hall-Family-Panel.kicad_pcb,pcb/unrouted/remaining/variants/pogo-neo/panels/Symm60HE-Neo-Hall-Family-Panel-unrouted.kicad_pcb,2544,230,0,0,0,0,4,{}
variants/pogo-neo/Symm60HE-Neo-Controller.kicad_pcb,pcb/unrouted/remaining/variants/pogo-neo/Symm60HE-Neo-Controller-unrouted.kicad_pcb,790,74,0,0,0,0,2,{}
variants/pogo-neo/Symm60HE-Neo-Left-Half.kicad_pcb,pcb/unrouted/remaining/variants/pogo-neo/Symm60HE-Neo-Left-Half-unrouted.kicad_pcb,1163,98,4,0,4,95,2,"{'L': (-2.3799999999999955, -0.6468000000000025)}"
variants/pogo-neo/Symm60HE-Neo-Left-SpringModule.kicad_pcb,pcb/unrouted/remaining/variants/pogo-neo/Symm60HE-Neo-Left-SpringModule-unrouted.kicad_pcb,62,21,0,0,0,0,0,{}
variants/pogo-neo/Symm60HE-Neo-Right-Half.kicad_pcb,pcb/unrouted/remaining/variants/pogo-neo/Symm60HE-Neo-Right-Half-unrouted.kicad_pcb,1381,132,4,0,4,95,2,"{'R': (0.0, -0.6468000000000025)}"
variants/pogo-neo/Symm60HE-Neo-Right-SpringModule.kicad_pcb,pcb/unrouted/remaining/variants/pogo-neo/Symm60HE-Neo-Right-SpringModule-unrouted.kicad_pcb,62,21,0,0,0,0,0,{}
variants/pogo-serpentine/Symm60HE-Left-PogoTarget.kicad_pcb,pcb/unrouted/remaining/variants/pogo-serpentine/Symm60HE-Left-PogoTarget-unrouted.kicad_pcb,1266,114,4,0,4,98,2,"{'L': (-2.3799999999999955, -0.5575999999999954)}"
variants/pogo-serpentine/Symm60HE-Right-PogoTarget.kicad_pcb,pcb/unrouted/remaining/variants/pogo-serpentine/Symm60HE-Right-PogoTarget-unrouted.kicad_pcb,1442,148,4,0,4,98,2,"{'R': (0.0, -0.5584000000000007)}"
variants/pogo-serpentine/Symm60HE-Serpentine-Daughterboard.kicad_pcb,pcb/unrouted/remaining/variants/pogo-serpentine/Symm60HE-Serpentine-Daughterboard-unrouted.kicad_pcb,1852,95,0,0,0,0,2,{}
