Ref,Val,Package,PosX,PosY,Rot,Side
L-AML1,SN74LV4051A,AM1_SOIC-16_3.9x9.9mm_P1.27mm,36.284700,-64.977000,90.000000,bottom
L-AML2,SN74LV4051A,AM1_SOIC-16_3.9x9.9mm_P1.27mm,55.784700,-65.477000,90.000000,bottom
L-AML3,SN74LV4051A,AM1_SOIC-16_3.9x9.9mm_P1.27mm,94.284800,-65.977000,90.000000,bottom
L-AML4,SN74LV4051A,AM1_SOIC-16_3.9x9.9mm_P1.27mm,117.784800,-67.977000,90.000000,bottom
L-CL1A,100n,C1_C_0402_1005Metric,4.830000,-2.625000,0.000000,bottom
L-CL1B,4.7n,C1_C_0402_1005Metric,18.030000,-16.425000,0.000000,bottom
L-CL2A,100n,C1_C_0402_1005Metric,23.880000,-2.625000,0.000000,bottom
L-CL2B,4.7n,C1_C_0402_1005Metric,37.080000,-16.425000,0.000000,bottom
L-CL3A,100n,C1_C_0402_1005Metric,42.930000,-2.625000,0.000000,bottom
L-CL3B,4.7n,C1_C_0402_1005Metric,56.130000,-16.425000,0.000000,bottom
L-CL4A,100n,C1_C_0402_1005Metric,62.016700,-2.631000,0.122000,bottom
L-CL4B,4.7n,C1_C_0402_1005Metric,75.187300,-16.459000,0.122000,bottom
L-CL5A,100n,C1_C_0402_1005Metric,81.929900,-2.786400,2.185000,bottom
L-CL5B,4.7n,C1_C_0402_1005Metric,94.594100,-17.079600,2.185000,bottom
L-CL6A,100n,C1_C_0402_1005Metric,103.217000,-3.782800,5.012000,bottom
L-CL6B,4.7n,C1_C_0402_1005Metric,115.161000,-18.683200,5.012000,bottom
L-CL7A,100n,C1_C_0402_1005Metric,124.332500,-5.747200,6.500000,bottom
L-CL7B,4.7n,C1_C_0402_1005Metric,135.885500,-20.952800,6.500000,bottom
L-CL8A,100n,C1_C_0402_1005Metric,7.688000,-21.675000,0.000000,bottom
L-CL8B,4.7n,C1_C_0402_1005Metric,20.888000,-35.475000,0.000000,bottom
L-CL9A,100n,C1_C_0402_1005Metric,31.500000,-21.675000,0.000000,bottom
L-CL9B,4.7n,C1_C_0402_1005Metric,44.700000,-35.475000,0.000000,bottom
L-CL10A,100n,C1_C_0402_1005Metric,50.550000,-21.675000,0.000000,bottom
L-CL10B,4.7n,C1_C_0402_1005Metric,63.750000,-35.475000,0.000000,bottom
L-CL11A,100n,C1_C_0402_1005Metric,69.794500,-21.708900,0.665000,bottom
L-CL11B,4.7n,C1_C_0402_1005Metric,82.833500,-35.661100,0.665000,bottom
L-CL12A,100n,C1_C_0402_1005Metric,90.345400,-22.104300,3.302000,bottom
L-CL12B,4.7n,C1_C_0402_1005Metric,102.728600,-36.641700,3.302000,bottom
L-CL13A,100n,C1_C_0402_1005Metric,111.784600,-23.521900,5.971000,bottom
L-CL13B,4.7n,C1_C_0402_1005Metric,123.477400,-38.620100,5.971000,bottom
L-CL14A,100n,C1_C_0402_1005Metric,132.238500,-25.698200,6.500000,bottom
L-CL14B,4.7n,C1_C_0402_1005Metric,143.791500,-40.903800,6.500000,bottom
L-CL15A,100n,C1_C_0402_1005Metric,17.000000,-49.000000,0.000000,bottom
L-CL15B,4.7n,C1_C_0402_1005Metric,17.000000,-45.000000,0.000000,bottom
L-CL16A,100n,C1_C_0402_1005Metric,35.310000,-40.725000,0.000000,bottom
L-CL16B,4.7n,C1_C_0402_1005Metric,48.510000,-54.525000,0.000000,bottom
L-CL17A,100n,C1_C_0402_1005Metric,54.360000,-40.725000,0.000000,bottom
L-CL17B,4.7n,C1_C_0402_1005Metric,67.560000,-54.525000,0.000000,bottom
L-CL18A,100n,C1_C_0402_1005Metric,73.728900,-40.780300,1.102000,bottom
L-CL18B,4.7n,C1_C_0402_1005Metric,86.661100,-54.831700,1.102000,bottom
L-CL19A,100n,C1_C_0402_1005Metric,94.611600,-41.352400,3.869000,bottom
L-CL19B,4.7n,C1_C_0402_1005Metric,106.850400,-56.011600,3.869000,bottom
L-CL20A,100n,C1_C_0402_1005Metric,116.010800,-42.965700,6.268000,bottom
L-CL20B,4.7n,C1_C_0402_1005Metric,127.625200,-58.124300,6.268000,bottom
L-CL21A,100n,C1_C_0402_1005Metric,9.116000,-59.775000,0.000000,bottom
L-CL21B,4.7n,C1_C_0402_1005Metric,22.316000,-73.575000,0.000000,bottom
L-CL22A,100n,C1_C_0402_1005Metric,40.073000,-59.775000,0.000000,bottom
L-CL22B,4.7n,C1_C_0402_1005Metric,53.273000,-73.575000,0.000000,bottom
L-CL23A,100n,C1_C_0402_1005Metric,59.132600,-59.776500,0.030000,bottom
L-CL23B,4.7n,C1_C_0402_1005Metric,72.325400,-73.583500,0.030000,bottom
L-CL24A,100n,C1_C_0402_1005Metric,78.813500,-59.879200,1.772000,bottom
L-CL24B,4.7n,C1_C_0402_1005Metric,91.580500,-74.080800,1.772000,bottom
L-CL25A,100n,C1_C_0402_1005Metric,99.986400,-60.712700,4.583000,bottom
L-CL25B,4.7n,C1_C_0402_1005Metric,112.041600,-75.523300,4.583000,bottom
L-CL26A,100n,C1_C_0402_1005Metric,121.235400,-62.553300,6.469000,bottom
L-CL26B,4.7n,C1_C_0402_1005Metric,132.796600,-77.752700,6.469000,bottom
L-CL27A,100n,C1_C_0402_1005Metric,14.200000,-87.000000,0.000000,bottom
L-CL27B,4.7n,C1_C_0402_1005Metric,14.200000,-83.000000,0.000000,bottom
L-CL29A,100n,C1_C_0402_1005Metric,21.022000,-78.825000,0.000000,bottom
L-CL29B,4.7n,C1_C_0402_1005Metric,34.222000,-92.625000,0.000000,bottom
L-CL31A,100n,C1_C_0402_1005Metric,40.073000,-78.825000,0.000000,bottom
L-CL31B,4.7n,C1_C_0402_1005Metric,53.273000,-92.625000,0.000000,bottom
L-CL32A,100n,C1_C_0402_1005Metric,78.681300,-79.062500,1.778000,bottom
L-CL32B,4.7n,C1_C_0402_1005Metric,91.446700,-93.265500,1.778000,bottom
L-CL33A,100n,C1_C_0402_1005Metric,117.194500,-81.408500,5.955000,bottom
L-CL33B,4.7n,C1_C_0402_1005Metric,128.891500,-96.503500,5.955000,bottom
L-CML1,100n,C1_C_0402_1005Metric,43.284700,-58.977000,0.000000,bottom
L-CML2,100n,C1_C_0402_1005Metric,62.284700,-59.977000,0.000000,bottom
L-CML3,100n,C1_C_0402_1005Metric,102.284800,-63.977000,0.000000,bottom
L-CML4,100n,C1_C_0402_1005Metric,125.284800,-61.977000,0.000000,bottom
L-HEL1,MT9102ET,HE_KEY_1.00u,11.430000,-9.525000,0.000000,bottom
L-HEL2,MT9102ET,HE_KEY_1.00u,30.480000,-9.525000,0.000000,bottom
L-HEL3,MT9102ET,HE_KEY_1.00u,49.530000,-9.525000,0.000000,bottom
L-HEL4,MT9102ET,HE_KEY_1.00u,68.602000,-9.545000,0.122000,bottom
L-HEL5,MT9102ET,HE_KEY_1.00u,88.262000,-9.933000,2.185000,bottom
L-HEL6,MT9102ET,HE_KEY_1.00u,109.189000,-11.233000,5.012000,bottom
L-HEL7,MT9102ET,HE_KEY_1.00u,130.109000,-13.350000,6.500000,bottom
L-HEL8,MT9102ET,HE_KEY_1.50u,14.288000,-28.575000,0.000000,bottom
L-HEL9,MT9102ET,HE_KEY_1.00u,38.100000,-28.575000,0.000000,bottom
L-HEL10,MT9102ET,HE_KEY_1.00u,57.150000,-28.575000,0.000000,bottom
L-HEL11,MT9102ET,HE_KEY_1.00u,76.314000,-28.685000,0.665000,bottom
L-HEL12,MT9102ET,HE_KEY_1.00u,96.537000,-29.373000,3.302000,bottom
L-HEL13,MT9102ET,HE_KEY_1.00u,117.631000,-31.071000,5.971000,bottom
L-HEL14,MT9102ET,HE_KEY_1.00u,138.015000,-33.301000,6.500000,bottom
L-HEL15,MT9102ET,HE_SHARED_MIDPOINT,13.334750,-47.625000,90.000000,bottom
L-HEL16,MT9102ET,HE_KEY_1.00u,41.910000,-47.625000,0.000000,bottom
L-HEL17,MT9102ET,HE_KEY_1.00u,60.960000,-47.625000,0.000000,bottom
L-HEL18,MT9102ET,HE_KEY_1.00u,80.195000,-47.806000,1.102000,bottom
L-HEL19,MT9102ET,HE_KEY_1.00u,100.731000,-48.682000,3.869000,bottom
L-HEL20,MT9102ET,HE_KEY_1.00u,121.818000,-50.545000,6.268000,bottom
L-HEL21,MT9102ET,HE_KEY_2.25u,15.716000,-66.675000,0.000000,bottom
L-HEL22,MT9102ET,HE_KEY_1.00u,46.673000,-66.675000,0.000000,bottom
L-HEL23,MT9102ET,HE_KEY_1.00u,65.729000,-66.680000,0.030000,bottom
L-HEL24,MT9102ET,HE_KEY_1.00u,85.197000,-66.980000,1.772000,bottom
L-HEL25,MT9102ET,HE_KEY_1.00u,106.014000,-68.118000,4.583000,bottom
L-HEL26,MT9102ET,HE_KEY_1.00u,127.016000,-70.153000,6.469000,bottom
L-HEL27,MT9102ET,HE_SHARED_MIDPOINT,10.953500,-85.725000,90.000000,bottom
L-HEL29,MT9102ET,HE_KEY_1.00u,27.622000,-85.725000,0.000000,bottom
L-HEL31,MT9102ET,HE_KEY_1.00u,46.673000,-85.725000,0.000000,bottom
L-HEL32,MT9102ET,HE_KEY_1.50u,85.064000,-86.164000,1.778000,bottom
L-HEL33,MT9102ET,HE_KEY_2.25u,123.043000,-88.956000,5.955000,bottom
L-JL1,FFC_12P,FFC_12P_1.00mm_TopContact,148.209000,-56.000000,-90.000000,bottom
R-AMR1,SN74LV4051A,AM1_SOIC-16_3.9x9.9mm_P1.27mm,24.284700,-177.234600,90.000000,bottom
R-AMR2,SN74LV4051A,AM1_SOIC-16_3.9x9.9mm_P1.27mm,46.784700,-175.734600,90.000000,bottom
R-AMR3,SN74LV4051A,AM1_SOIC-16_3.9x9.9mm_P1.27mm,85.284700,-174.734600,90.000000,bottom
R-AMR4,SN74LV4051A,AM1_SOIC-16_3.9x9.9mm_P1.27mm,116.284700,-162.734600,90.000000,bottom
R-CMR1,100n,C1_C_0402_1005Metric,32.284700,-181.734600,0.000000,bottom
R-CMR2,100n,C1_C_0402_1005Metric,53.284700,-181.734600,0.000000,bottom
R-CMR3,100n,C1_C_0402_1005Metric,97.284700,-172.734600,0.000000,bottom
R-CMR4,100n,C1_C_0402_1005Metric,124.284700,-165.734600,0.000000,bottom
R-CR1A,100n,C1_C_0402_1005Metric,65.897000,-112.415700,-0.122000,bottom
R-CR1B,4.7n,C1_C_0402_1005Metric,79.126400,-126.187500,-0.122000,bottom
R-CR2A,100n,C1_C_0402_1005Metric,84.983700,-112.381600,0.000000,bottom
R-CR2B,4.7n,C1_C_0402_1005Metric,98.183700,-126.181600,0.000000,bottom
R-CR3A,100n,C1_C_0402_1005Metric,104.033700,-112.381600,0.000000,bottom
R-CR3B,4.7n,C1_C_0402_1005Metric,117.233700,-126.181600,0.000000,bottom
R-CR5A,100n,C1_C_0402_1005Metric,123.083700,-112.381600,0.000000,bottom
R-CR5B,4.7n,C1_C_0402_1005Metric,136.283700,-126.181600,0.000000,bottom
R-CR6A,100n,C1_C_0402_1005Metric,45.994400,-113.047200,-2.185000,bottom
R-CR6B,4.7n,C1_C_0402_1005Metric,59.711000,-126.334000,-2.185000,bottom
R-CR7A,100n,C1_C_0402_1005Metric,24.746100,-114.691600,-5.012000,bottom
R-CR7B,4.7n,C1_C_0402_1005Metric,39.101300,-127.285600,-5.012000,bottom
R-CR8A,100n,C1_C_0402_1005Metric,3.665000,-116.998100,-6.500000,bottom
R-CR8B,4.7n,C1_C_0402_1005Metric,18.342400,-129.215100,-6.500000,bottom
R-CR9A,100n,C1_C_0402_1005Metric,77.363700,-131.431600,0.000000,bottom
R-CR9B,4.7n,C1_C_0402_1005Metric,90.563700,-145.231600,0.000000,bottom
R-CR10A,100n,C1_C_0402_1005Metric,96.413700,-131.431600,0.000000,bottom
R-CR10B,4.7n,C1_C_0402_1005Metric,109.613700,-145.231600,0.000000,bottom
R-CR11A,100n,C1_C_0402_1005Metric,120.225700,-131.431600,0.000000,bottom
R-CR11B,4.7n,C1_C_0402_1005Metric,133.425700,-145.231600,0.000000,bottom
R-CR12A,100n,C1_C_0402_1005Metric,58.121100,-131.618700,-0.665000,bottom
R-CR12B,4.7n,C1_C_0402_1005Metric,71.480300,-145.264500,-0.665000,bottom
R-CR13A,100n,C1_C_0402_1005Metric,37.590200,-132.621200,-3.302000,bottom
R-CR13B,4.7n,C1_C_0402_1005Metric,51.563200,-145.638000,-3.302000,bottom
R-CR14A,100n,C1_C_0402_1005Metric,16.199700,-134.652600,-5.971000,bottom
R-CR14B,4.7n,C1_C_0402_1005Metric,30.763700,-147.004600,-5.971000,bottom
R-CR15A,100n,C1_C_0402_1005Metric,-4.239000,-136.949100,-6.500000,bottom
R-CR15B,4.7n,C1_C_0402_1005Metric,10.438400,-149.166100,-6.500000,bottom
R-CR16A,100n,C1_C_0402_1005Metric,73.553700,-150.481600,0.000000,bottom
R-CR16B,4.7n,C1_C_0402_1005Metric,86.753700,-164.281600,0.000000,bottom
R-CR17A,100n,C1_C_0402_1005Metric,92.602700,-150.481600,0.000000,bottom
R-CR17B,4.7n,C1_C_0402_1005Metric,105.802700,-164.281600,0.000000,bottom
R-CR18A,100n,C1_C_0402_1005Metric,118.796700,-150.481600,0.000000,bottom
R-CR18B,4.7n,C1_C_0402_1005Metric,131.996700,-164.281600,0.000000,bottom
R-CR19A,100n,C1_C_0402_1005Metric,54.187200,-150.790800,-1.102000,bottom
R-CR19B,4.7n,C1_C_0402_1005Metric,67.650200,-164.334400,-1.102000,bottom
R-CR20A,100n,C1_C_0402_1005Metric,33.332200,-152.000700,-3.869000,bottom
R-CR20B,4.7n,C1_C_0402_1005Metric,47.433200,-164.878500,-3.869000,bottom
R-CR21A,100n,C1_C_0402_1005Metric,11.981800,-154.164400,-6.268000,bottom
R-CR21B,4.7n,C1_C_0402_1005Metric,26.609600,-166.440800,-6.268000,bottom
R-CR22A,100n,C1_C_0402_1005Metric,68.781100,-169.540100,-0.030000,bottom
R-CR22B,4.7n,C1_C_0402_1005Metric,81.988300,-183.333100,-0.030000,bottom
R-CR23A,100n,C1_C_0402_1005Metric,87.840700,-169.531600,0.000000,bottom
R-CR23B,4.7n,C1_C_0402_1005Metric,101.040700,-183.331600,0.000000,bottom
R-CR24A,100n,C1_C_0402_1005Metric,106.890700,-169.531600,0.000000,bottom
R-CR24B,4.7n,C1_C_0402_1005Metric,120.090700,-183.331600,0.000000,bottom
R-CR26A,100n,C1_C_0402_1005Metric,128.321700,-169.531600,0.000000,bottom
R-CR26B,4.7n,C1_C_0402_1005Metric,141.521700,-183.331600,0.000000,bottom
R-CR27A,100n,C1_C_0402_1005Metric,49.106500,-170.044000,-1.772000,bottom
R-CR27B,4.7n,C1_C_0402_1005Metric,62.726900,-183.429200,-1.772000,bottom
R-CR28A,100n,C1_C_0402_1005Metric,27.968500,-171.524000,-4.583000,bottom
R-CR28B,4.7n,C1_C_0402_1005Metric,42.228900,-184.225200,-4.583000,bottom
R-CR29A,100n,C1_C_0402_1005Metric,6.763300,-173.797100,-6.469000,bottom
R-CR29B,4.7n,C1_C_0402_1005Metric,21.434100,-186.022100,-6.469000,bottom
R-CR30A,100n,C1_C_0402_1005Metric,100.875700,-196.756600,0.000000,bottom
R-CR30B,4.7n,C1_C_0402_1005Metric,100.875700,-192.756600,0.000000,bottom
R-CR32A,100n,C1_C_0402_1005Metric,106.890700,-188.581600,0.000000,bottom
R-CR32B,4.7n,C1_C_0402_1005Metric,120.090700,-202.381600,0.000000,bottom
R-CR34A,100n,C1_C_0402_1005Metric,125.940700,-188.581600,0.000000,bottom
R-CR34B,4.7n,C1_C_0402_1005Metric,139.140700,-202.381600,0.000000,bottom
R-CR35A,100n,C1_C_0402_1005Metric,49.237800,-189.227700,-1.778000,bottom
R-CR35B,4.7n,C1_C_0402_1005Metric,62.859600,-202.611500,-1.778000,bottom
R-CR36A,100n,C1_C_0402_1005Metric,10.789500,-192.536600,-5.955000,bottom
R-CR36B,4.7n,C1_C_0402_1005Metric,25.349900,-204.892600,-5.955000,bottom
R-HER1,MT9102ET,HE_KEY_1.00u,72.511700,-119.301600,-0.122000,bottom
R-HER2,MT9102ET,HE_KEY_1.00u,91.583700,-119.281600,0.000000,bottom
R-HER3,MT9102ET,HE_KEY_1.00u,110.633700,-119.281600,0.000000,bottom
R-HER5,MT9102ET,HE_KEY_1.00u,129.683700,-119.281600,0.000000,bottom
R-HER6,MT9102ET,HE_KEY_1.00u,52.852700,-119.690600,-2.185000,bottom
R-HER7,MT9102ET,HE_KEY_1.00u,31.923700,-120.988600,-5.012000,bottom
R-HER8,MT9102ET,HE_KEY_1.00u,11.003700,-123.106600,-6.500000,bottom
R-HER9,MT9102ET,HE_KEY_1.00u,83.963700,-138.331600,0.000000,bottom
R-HER10,MT9102ET,HE_KEY_1.00u,103.013700,-138.331600,0.000000,bottom
R-HER11,MT9102ET,HE_KEY_1.50u,126.825700,-138.331600,0.000000,bottom
R-HER12,MT9102ET,HE_KEY_1.00u,64.800700,-138.441600,-0.665000,bottom
R-HER13,MT9102ET,HE_KEY_1.00u,44.576700,-139.129600,-3.302000,bottom
R-HER14,MT9102ET,HE_KEY_1.00u,23.481700,-140.828600,-5.971000,bottom
R-HER15,MT9102ET,HE_KEY_1.00u,3.099700,-143.057600,-6.500000,bottom
R-HER16,MT9102ET,HE_KEY_1.00u,80.153700,-157.381600,0.000000,bottom
R-HER17,MT9102ET,HE_KEY_1.00u,99.202700,-157.381600,0.000000,bottom
R-HER18,MT9102ET,HE_KEY_1.75u,125.396700,-157.381600,0.000000,bottom
R-HER19,MT9102ET,HE_KEY_1.00u,60.918700,-157.562600,-1.102000,bottom
R-HER20,MT9102ET,HE_KEY_1.00u,40.382700,-158.439600,-3.869000,bottom
R-HER21,MT9102ET,HE_KEY_1.00u,19.295700,-160.302600,-6.268000,bottom
R-HER22,MT9102ET,HE_KEY_1.00u,75.384700,-176.436600,-0.030000,bottom
R-HER23,MT9102ET,HE_KEY_1.00u,94.440700,-176.431600,0.000000,bottom
R-HER24,MT9102ET,HE_KEY_1.00u,113.490700,-176.431600,0.000000,bottom
R-HER26,MT9102ET,HE_KEY_1.25u,134.921700,-176.431600,0.000000,bottom
R-HER27,MT9102ET,HE_KEY_1.00u,55.916700,-176.736600,-1.772000,bottom
R-HER28,MT9102ET,HE_KEY_1.00u,35.098700,-177.874600,-4.583000,bottom
R-HER29,MT9102ET,HE_KEY_1.00u,14.098700,-179.909600,-6.469000,bottom
R-HER30,MT9102ET,HE_SHARED_MIDPOINT,96.821700,-195.481600,90.000000,bottom
R-HER32,MT9102ET,HE_KEY_1.00u,113.490700,-195.481600,0.000000,bottom
R-HER34,MT9102ET,HE_KEY_1.00u,132.540700,-195.481600,0.000000,bottom
R-HER35,MT9102ET,HE_KEY_1.50u,56.048700,-195.919600,-1.778000,bottom
R-HER36,MT9102ET,HE_KEY_2.25u,18.069700,-198.714600,-5.955000,bottom
R-JR1,FFC_12P,FFC_12P_1.00mm_TopContact,-4.715300,-165.756600,90.000000,bottom
