Item,Quantity,Reference Designators,Description,Package,Assembly Type,Manufacturer,Manufacturer Part Number,Distributor,Distributor Part Number,Substitution Allowed,Special Instructions
1,35,"CMR1,CMR2,CMR3,CMR4,CR1A,CR2A,CR4A,CR6A,CR7A,CR8A,CR9A,CR10A,CR11A,CR12A,CR13A,CR14A,CR15A,CR16A,CR17A,CR18A,CR19A,CR20A,CR21A,CR22A,CR23A,CR24A,CR26A,CR27A,CR28A,CR29A,CR30A,CR32A,CR34A,CR35A,CR36A",100n,C1_C_0402_1005Metric,SMT,Samsung,CL05B104KO5NNNC,LCSC,C1525,Written approval only,Substitution only with written approval
2,31,"CR1B,CR2B,CR4B,CR6B,CR7B,CR8B,CR9B,CR10B,CR11B,CR12B,CR13B,CR14B,CR15B,CR16B,CR17B,CR18B,CR19B,CR20B,CR21B,CR22B,CR23B,CR24B,CR26B,CR27B,CR28B,CR29B,CR30B,CR32B,CR34B,CR35B,CR36B",4.7n,C1_C_0402_1005Metric,SMT,Murata,GRM1555C1H472JE01D,LCSC,C1518204,Written approval only,Substitution only with written approval
3,1,PTR1,12-position 1.27 mm SMT mating target connector,MillMax_856-10-012-30-051000,SMT,Mill-Max,856-10-012-30-051000,PCBWay turnkey quote or customer consigned,,No,NO SUBSTITUTE; mechanically critical; target face points toward floating spring module
4,24,"HER1,HER2,HER6,HER7,HER8,HER9,HER10,HER12,HER13,HER14,HER15,HER16,HER17,HER19,HER20,HER21,HER22,HER23,HER24,HER27,HER28,HER29,HER32,HER34",Hall-effect keyboard sensor,HE_KEY_1.00u,SMT,NOVOSENSE,MT9102ET,LCSC,C5447698,Written approval only,Alignment-sensitive Hall sensor; no substitution without written approval
5,1,HER26,Hall-effect keyboard sensor,HE_KEY_1.25u,SMT,NOVOSENSE,MT9102ET,LCSC,C5447698,Written approval only,Alignment-sensitive Hall sensor; no substitution without written approval
6,2,"HER11,HER35",Hall-effect keyboard sensor,HE_KEY_1.50u,SMT,NOVOSENSE,MT9102ET,LCSC,C5447698,Written approval only,Alignment-sensitive Hall sensor; no substitution without written approval
7,1,HER18,Hall-effect keyboard sensor,HE_KEY_1.75u,SMT,NOVOSENSE,MT9102ET,LCSC,C5447698,Written approval only,Alignment-sensitive Hall sensor; no substitution without written approval
8,1,HER4,Hall-effect keyboard sensor,HE_KEY_2.00u,SMT,NOVOSENSE,MT9102ET,LCSC,C5447698,Written approval only,Alignment-sensitive Hall sensor; no substitution without written approval
9,1,HER36,Hall-effect keyboard sensor,HE_KEY_2.25u,SMT,NOVOSENSE,MT9102ET,LCSC,C5447698,Written approval only,Alignment-sensitive Hall sensor; no substitution without written approval
10,1,HER30,Hall-effect keyboard sensor,HE_SHARED_MIDPOINT,SMT,NOVOSENSE,MT9102ET,LCSC,C5447698,Written approval only,Alignment-sensitive Hall sensor; no substitution without written approval
11,4,"AMR1,AMR2,AMR3,AMR4",8-channel analog multiplexer,AM1_SOIC-16_3.9x9.9mm_P1.27mm,SMT,Texas Instruments,SN74LV4051ADR,LCSC,C128414,Written approval only,Substitution only with written approval
